Method	Test RMSE
Ridge	1.450519102883
Lasso	1.482564851230461
